Filename,Run Count,Last Run Date
"C:\Program Files (x86)\Steam\steamapps\common\Counter-Strike Global Offensive\game\bin\win64\overlay.log",9,134076181608282663
"D:\Project-app\CS2Overlay\build\Release\overlay.dll",2,134076185408346432
"D:\Project-app\CS2Overlay\launcher\target\release\overlay.dll",2,134076185349358969
"C:\Users\Holdark\AppData\Roaming\Microsoft\Windows\Recent\overlay.log.lnk",1,134076181575931085
"C:\Users\Holdark\AppData\Local\Checker Poshlye\_up_\binaries\SystemInformer-x86_64-pc-windows-msvc.exe",1,134076180820204066
